Actual_Value,Predictions
0,joy,joy
1,love,sadness
2,sadness,sadness
3,anger,joy
4,fear,joy
5,joy,joy
6,sadness,sadness
7,sadness,sadness
8,anger,sadness
9,sadness,joy
10,sadness,joy
11,sadness,sadness
12,fear,joy
13,sadness,sadness
14,joy,joy
15,joy,joy
16,joy,joy
17,love,sadness
18,sadness,joy
19,fear,sadness
20,anger,sadness
21,fear,sadness
22,love,joy
23,joy,joy
24,joy,joy
25,anger,joy
26,joy,joy
27,fear,sadness
28,sadness,joy
29,joy,sadness
30,sadness,joy
31,fear,joy
32,joy,sadness
33,fear,joy
34,joy,sadness
35,sadness,sadness
36,joy,joy
37,love,joy
38,sadness,sadness
39,joy,joy
40,joy,joy
41,anger,sadness
42,joy,sadness
43,sadness,sadness
44,sadness,sadness
45,love,sadness
46,surprise,joy
47,love,joy
48,joy,joy
49,sadness,joy
50,joy,sadness
51,sadness,sadness
52,anger,joy
53,anger,sadness
54,joy,joy
55,sadness,sadness
56,joy,sadness
57,fear,sadness
58,joy,sadness
59,fear,joy
60,sadness,joy
61,joy,sadness
62,joy,joy
63,surprise,joy
64,joy,sadness
65,surprise,joy
66,joy,joy
67,sadness,sadness
68,sadness,joy
69,surprise,sadness
70,joy,joy
71,joy,sadness
72,sadness,joy
73,sadness,sadness
74,anger,joy
75,joy,joy
76,sadness,joy
77,joy,joy
78,joy,sadness
79,sadness,sadness
80,sadness,sadness
81,sadness,sadness
82,anger,joy
83,sadness,sadness
84,sadness,joy
85,surprise,joy
86,anger,sadness
87,joy,sadness
88,joy,joy
89,sadness,joy
90,joy,joy
91,joy,sadness
92,anger,sadness
93,anger,joy
94,joy,joy
95,surprise,joy
96,love,joy
97,anger,sadness
98,sadness,joy
99,fear,joy
100,sadness,sadness
101,love,sadness
102,joy,joy
103,sadness,sadness
104,surprise,joy
105,fear,sadness
106,fear,sadness
107,sadness,sadness
108,sadness,sadness
109,surprise,joy
110,sadness,sadness
111,fear,sadness
112,sadness,joy
113,joy,joy
114,anger,joy
115,fear,joy
116,joy,joy
117,anger,joy
118,anger,joy
119,love,joy
120,joy,joy
121,joy,joy
122,joy,sadness
123,sadness,sadness
124,surprise,sadness
125,sadness,joy
126,anger,joy
127,joy,sadness
128,sadness,joy
129,sadness,joy
130,anger,sadness
131,joy,joy
132,joy,sadness
133,anger,sadness
134,fear,joy
135,sadness,sadness
136,love,sadness
137,joy,joy
138,sadness,sadness
139,sadness,joy
140,joy,joy
141,anger,joy
142,sadness,sadness
143,joy,joy
144,fear,sadness
145,sadness,sadness
146,fear,sadness
147,joy,joy
148,anger,joy
149,joy,sadness
150,anger,sadness
151,sadness,sadness
152,joy,sadness
153,fear,sadness
154,sadness,joy
155,joy,sadness
156,sadness,sadness
157,sadness,sadness
158,anger,joy
159,love,sadness
160,sadness,joy
161,joy,joy
162,fear,joy
163,anger,joy
164,fear,sadness
165,sadness,joy
166,fear,joy
167,joy,sadness
168,sadness,joy
169,sadness,sadness
170,sadness,joy
171,sadness,joy
172,sadness,joy
173,sadness,joy
174,anger,joy
175,sadness,joy
176,love,joy
177,anger,joy
178,love,joy
179,joy,sadness
180,sadness,sadness
181,love,joy
182,joy,joy
183,sadness,joy
184,joy,joy
185,sadness,joy
186,love,joy
187,joy,joy
188,joy,sadness
189,fear,sadness
190,joy,sadness
191,joy,joy
192,fear,sadness
193,sadness,sadness
194,anger,joy
195,fear,joy
196,joy,sadness
197,joy,joy
198,sadness,sadness
199,sadness,joy
200,sadness,sadness
201,sadness,joy
202,sadness,joy
203,anger,sadness
204,joy,sadness
205,sadness,sadness
206,anger,sadness
207,anger,sadness
208,anger,sadness
209,joy,joy
210,sadness,sadness
211,joy,sadness
212,anger,sadness
213,joy,sadness
214,sadness,joy
215,joy,joy
216,anger,joy
217,joy,joy
218,fear,joy
219,anger,sadness
220,sadness,joy
221,sadness,sadness
222,joy,joy
223,sadness,joy
224,joy,sadness
225,joy,joy
226,sadness,joy
227,joy,sadness
228,fear,sadness
229,joy,sadness
230,sadness,sadness
231,surprise,sadness
232,sadness,joy
233,sadness,sadness
234,anger,sadness
235,joy,joy
236,sadness,joy
237,sadness,sadness
238,joy,joy
239,sadness,sadness
240,love,sadness
241,sadness,joy
242,sadness,joy
243,anger,joy
244,sadness,sadness
245,sadness,sadness
246,joy,joy
247,love,joy
248,fear,joy
249,joy,joy
250,sadness,joy
251,joy,sadness
252,surprise,joy
253,joy,sadness
254,fear,sadness
255,sadness,joy
256,love,joy
257,fear,sadness
258,sadness,joy
259,fear,joy
260,joy,joy
261,anger,joy
262,sadness,joy
263,sadness,joy
264,joy,joy
265,sadness,sadness
266,fear,sadness
267,sadness,joy
268,joy,joy
269,sadness,sadness
270,sadness,sadness
271,sadness,sadness
272,sadness,sadness
273,joy,joy
274,sadness,joy
275,sadness,joy
276,sadness,sadness
277,fear,joy
278,anger,joy
279,joy,joy
280,sadness,joy
281,anger,joy
282,sadness,joy
283,sadness,joy
284,sadness,sadness
285,anger,sadness
286,surprise,joy
287,sadness,sadness
288,joy,joy
289,anger,sadness
290,joy,sadness
291,love,joy
292,joy,joy
293,sadness,joy
294,anger,joy
295,sadness,joy
296,fear,joy
297,anger,joy
298,joy,sadness
299,joy,sadness
300,anger,joy
301,joy,joy
302,joy,sadness
303,sadness,sadness
304,joy,sadness
305,sadness,sadness
306,sadness,sadness
307,joy,joy
308,sadness,joy
309,fear,joy
310,love,joy
311,fear,joy
312,fear,sadness
313,fear,sadness
314,fear,joy
315,sadness,sadness
316,joy,sadness
317,joy,joy
318,joy,sadness
319,sadness,sadness
320,fear,joy
321,fear,sadness
322,joy,joy
323,fear,joy
324,sadness,joy
325,anger,sadness
326,sadness,joy
327,joy,joy
328,fear,joy
329,sadness,joy
330,joy,joy
331,sadness,sadness
332,anger,joy
333,sadness,sadness
334,joy,joy
335,sadness,joy
336,joy,joy
337,joy,joy
338,fear,sadness
339,joy,joy
340,joy,joy
341,joy,joy
342,love,sadness
343,fear,sadness
344,sadness,sadness
345,sadness,sadness
346,sadness,sadness
347,sadness,sadness
348,sadness,sadness
349,sadness,joy
350,joy,joy
351,surprise,joy
352,fear,joy
353,anger,joy
354,anger,joy
355,joy,joy
356,joy,sadness
357,sadness,joy
358,sadness,sadness
359,joy,sadness
360,joy,joy
361,sadness,sadness
362,joy,joy
363,joy,sadness
364,surprise,sadness
365,joy,sadness
366,anger,sadness
367,joy,joy
368,joy,joy
369,sadness,joy
370,joy,joy
371,joy,joy
372,love,joy
373,fear,sadness
374,fear,sadness
375,fear,sadness
376,joy,joy
377,joy,sadness
378,sadness,joy
379,joy,sadness
380,joy,joy
381,joy,sadness
382,sadness,joy
383,surprise,sadness
384,joy,joy
385,anger,joy
386,fear,joy
387,fear,joy
388,joy,sadness
389,joy,joy
390,joy,sadness
391,joy,sadness
392,love,joy
393,love,sadness
394,sadness,sadness
395,joy,joy
396,surprise,joy
397,joy,sadness
398,sadness,sadness
399,sadness,sadness
400,anger,joy
401,joy,joy
402,joy,joy
403,fear,sadness
404,joy,joy
405,joy,joy
406,anger,joy
407,love,joy
408,anger,joy
409,fear,sadness
410,sadness,joy
411,anger,joy
412,sadness,joy
413,sadness,joy
414,joy,joy
415,surprise,joy
416,fear,sadness
417,joy,joy
418,love,sadness
419,sadness,joy
420,joy,joy
421,sadness,joy
422,sadness,joy
423,sadness,sadness
424,joy,joy
425,joy,sadness
426,joy,joy
427,anger,joy
428,joy,joy
429,surprise,joy
430,joy,joy
431,joy,joy
432,love,joy
433,joy,sadness
434,joy,sadness
435,love,sadness
436,sadness,sadness
437,fear,joy
438,fear,sadness
439,joy,sadness
440,joy,sadness
441,love,sadness
442,sadness,sadness
443,love,joy
444,sadness,sadness
445,fear,joy
446,anger,sadness
447,sadness,joy
448,love,joy
449,sadness,joy
450,sadness,joy
451,love,sadness
452,joy,joy
453,joy,sadness
454,fear,joy
455,sadness,sadness
456,joy,joy
457,sadness,joy
458,joy,joy
459,love,sadness
460,sadness,joy
461,joy,joy
462,anger,joy
463,joy,sadness
464,anger,sadness
465,sadness,joy
466,joy,sadness
467,joy,sadness
468,joy,sadness
469,joy,sadness
470,fear,joy
471,anger,sadness
472,joy,joy
473,sadness,sadness
474,anger,joy
475,sadness,joy
476,joy,joy
477,fear,sadness
478,joy,sadness
479,anger,joy
480,sadness,sadness
481,anger,sadness
482,sadness,sadness
483,sadness,joy
484,sadness,joy
485,sadness,sadness
486,sadness,joy
487,anger,joy
488,joy,sadness
489,love,joy
490,sadness,joy
491,joy,sadness
492,fear,sadness
493,fear,joy
494,joy,joy
495,joy,sadness
496,love,joy
497,sadness,sadness
498,anger,sadness
499,sadness,sadness
500,anger,joy
501,sadness,sadness
502,joy,joy
503,fear,sadness
504,anger,sadness
505,fear,joy
506,love,sadness
507,joy,sadness
508,joy,sadness
509,anger,joy
510,love,joy
511,joy,sadness
512,joy,joy
513,anger,joy
514,anger,sadness
515,joy,sadness
516,joy,joy
517,sadness,sadness
518,fear,sadness
519,joy,joy
520,fear,sadness
521,joy,sadness
522,joy,joy
523,sadness,sadness
524,sadness,sadness
525,surprise,sadness
526,anger,sadness
527,sadness,sadness
528,anger,joy
529,joy,joy
530,anger,joy
531,sadness,joy
532,joy,joy
533,joy,joy
534,joy,sadness
535,anger,joy
536,joy,sadness
537,joy,sadness
538,joy,sadness
539,fear,sadness
540,anger,sadness
541,joy,joy
542,surprise,joy
543,joy,joy
544,anger,sadness
545,joy,sadness
546,love,joy
547,sadness,sadness
548,joy,sadness
549,surprise,sadness
550,anger,sadness
551,fear,joy
552,joy,sadness
553,fear,joy
554,sadness,sadness
555,joy,joy
556,sadness,joy
557,surprise,sadness
558,love,joy
559,joy,joy
560,joy,joy
561,sadness,sadness
562,sadness,joy
563,sadness,sadness
564,sadness,joy
565,joy,joy
566,sadness,joy
567,fear,joy
568,love,joy
569,joy,sadness
570,fear,joy
571,joy,sadness
572,sadness,joy
573,fear,joy
574,anger,joy
575,joy,joy
576,sadness,sadness
577,sadness,sadness
578,fear,joy
579,anger,joy
580,sadness,sadness
581,sadness,joy
582,joy,joy
583,anger,joy
584,joy,sadness
585,sadness,sadness
586,surprise,joy
587,joy,joy
588,sadness,joy
589,sadness,joy
590,joy,sadness
591,fear,joy
592,surprise,joy
593,sadness,sadness
594,sadness,joy
595,love,joy
596,joy,sadness
597,sadness,sadness
598,joy,sadness
599,anger,sadness
600,joy,joy
601,anger,joy
602,love,sadness
603,anger,joy
604,sadness,joy
605,surprise,sadness
606,sadness,joy
607,anger,joy
608,anger,sadness
609,joy,joy
610,joy,joy
611,joy,sadness
612,joy,joy
613,joy,sadness
614,sadness,joy
615,joy,joy
616,joy,joy
617,joy,sadness
618,joy,joy
619,joy,joy
620,anger,joy
621,sadness,joy
622,joy,sadness
623,joy,joy
624,sadness,joy
625,fear,joy
626,anger,joy
627,joy,sadness
628,sadness,sadness
629,love,sadness
630,joy,joy
631,sadness,joy
632,joy,joy
633,sadness,sadness
634,sadness,joy
635,sadness,joy
636,joy,joy
637,joy,sadness
638,joy,joy
639,joy,sadness
640,sadness,joy
641,sadness,sadness
642,joy,joy
643,sadness,sadness
644,sadness,sadness
645,joy,joy
646,joy,sadness
647,joy,joy
648,fear,joy
649,joy,joy
650,fear,joy
651,anger,joy
652,love,sadness
653,sadness,joy
654,sadness,joy
655,joy,sadness
656,surprise,joy
657,sadness,joy
658,fear,sadness
659,joy,joy
660,sadness,sadness
661,sadness,joy
662,love,joy
663,sadness,sadness
664,joy,joy
665,anger,joy
666,anger,joy
667,joy,joy
668,joy,joy
669,joy,sadness
670,fear,joy
671,sadness,sadness
672,sadness,sadness
673,love,joy
674,anger,joy
675,sadness,joy
676,anger,sadness
677,sadness,joy
678,joy,sadness
679,sadness,sadness
680,love,joy
681,joy,sadness
682,joy,sadness
683,sadness,joy
684,sadness,sadness
685,joy,joy
686,fear,joy
687,anger,joy
688,fear,sadness
689,sadness,sadness
690,sadness,joy
691,joy,sadness
692,sadness,joy
693,anger,sadness
694,sadness,sadness
695,anger,joy
696,fear,sadness
697,sadness,joy
698,sadness,sadness
699,fear,joy
700,fear,joy
701,joy,joy
702,fear,joy
703,joy,joy
704,sadness,joy
705,joy,sadness
706,fear,joy
707,joy,sadness
708,anger,joy
709,joy,sadness
710,fear,sadness
711,fear,joy
712,sadness,sadness
713,joy,sadness
714,sadness,sadness
715,sadness,joy
716,joy,sadness
717,sadness,joy
718,anger,sadness
719,joy,joy
720,joy,sadness
721,joy,sadness
722,joy,joy
723,joy,joy
724,fear,joy
725,anger,joy
726,sadness,sadness
727,sadness,sadness
728,joy,joy
729,joy,joy
730,joy,sadness
731,joy,sadness
732,surprise,sadness
733,anger,sadness
734,sadness,sadness
735,sadness,joy
736,joy,joy
737,sadness,joy
738,fear,sadness
739,joy,sadness
740,sadness,joy
741,joy,sadness
742,joy,joy
743,fear,joy
744,anger,joy
745,sadness,joy
746,anger,joy
747,sadness,sadness
748,sadness,sadness
749,anger,joy
750,sadness,sadness
751,anger,sadness
752,joy,joy
753,sadness,joy
754,joy,sadness
755,joy,joy
756,sadness,joy
757,joy,sadness
758,joy,joy
759,sadness,joy
760,fear,joy
761,surprise,joy
762,joy,sadness
763,joy,joy
764,joy,joy
765,sadness,sadness
766,anger,sadness
767,joy,joy
768,sadness,joy
769,anger,joy
770,joy,joy
771,joy,joy
772,sadness,sadness
773,fear,joy
774,surprise,joy
775,joy,joy
776,anger,sadness
777,anger,sadness
778,joy,joy
779,love,sadness
780,anger,sadness
781,sadness,sadness
782,sadness,sadness
783,surprise,joy
784,joy,joy
785,joy,joy
786,joy,sadness
787,joy,joy
788,joy,joy
789,fear,sadness
790,joy,joy
791,joy,joy
792,joy,sadness
793,joy,joy
794,joy,joy
795,sadness,joy
796,anger,joy
797,joy,joy
798,sadness,joy
799,joy,joy
800,sadness,joy
801,sadness,sadness
802,anger,joy
803,anger,joy
804,anger,joy
805,love,joy
806,love,joy
807,anger,sadness
808,sadness,joy
809,joy,joy
810,joy,sadness
811,joy,sadness
812,joy,joy
813,fear,sadness
814,joy,joy
815,joy,joy
816,sadness,sadness
817,sadness,sadness
818,sadness,sadness
819,sadness,sadness
820,fear,joy
821,sadness,sadness
822,joy,sadness
823,joy,sadness
824,joy,joy
825,fear,sadness
826,sadness,sadness
827,joy,sadness
828,joy,sadness
829,joy,joy
830,joy,sadness
831,joy,sadness
832,love,sadness
833,joy,joy
834,sadness,joy
835,joy,joy
836,sadness,sadness
837,joy,joy
838,fear,joy
839,joy,sadness
840,sadness,joy
841,sadness,joy
842,joy,joy
843,fear,joy
844,fear,joy
845,sadness,sadness
846,sadness,joy
847,sadness,sadness
848,joy,sadness
849,fear,joy
850,sadness,sadness
851,joy,sadness
852,joy,joy
853,joy,sadness
854,joy,sadness
855,anger,sadness
856,sadness,sadness
857,surprise,joy
858,joy,sadness
859,anger,joy
860,sadness,joy
861,anger,sadness
862,joy,joy
863,joy,sadness
864,anger,sadness
865,sadness,sadness
866,sadness,joy
867,anger,sadness
868,love,joy
869,sadness,sadness
870,joy,joy
871,surprise,joy
872,joy,joy
873,joy,sadness
874,sadness,sadness
875,joy,sadness
876,joy,sadness
877,joy,sadness
878,sadness,joy
879,anger,sadness
880,joy,sadness
881,anger,joy
882,sadness,joy
883,sadness,joy
884,fear,sadness
885,fear,sadness
886,joy,sadness
887,sadness,sadness
888,joy,joy
889,joy,sadness
890,sadness,sadness
891,sadness,sadness
892,joy,joy
893,love,joy
894,anger,sadness
895,sadness,sadness
896,joy,joy
897,love,joy
898,sadness,sadness
899,love,sadness
900,sadness,joy
901,fear,joy
902,sadness,joy
903,joy,sadness
904,love,joy
905,sadness,sadness
906,joy,sadness
907,joy,sadness
908,fear,sadness
909,fear,sadness
910,joy,sadness
911,anger,joy
912,joy,joy
913,anger,joy
914,sadness,sadness
915,sadness,joy
916,love,joy
917,fear,sadness
918,joy,joy
919,fear,joy
920,sadness,joy
921,surprise,joy
922,anger,sadness
923,sadness,sadness
924,sadness,joy
925,sadness,sadness
926,joy,joy
927,sadness,sadness
928,joy,sadness
929,sadness,sadness
930,sadness,joy
931,anger,joy
932,joy,sadness
933,sadness,sadness
934,joy,joy
935,fear,joy
936,fear,joy
937,sadness,sadness
938,joy,sadness
939,fear,joy
940,joy,sadness
941,love,joy
942,joy,joy
943,joy,joy
944,joy,joy
945,love,sadness
946,joy,sadness
947,fear,joy
948,fear,sadness
949,sadness,joy
950,joy,joy
951,love,joy
952,surprise,sadness
953,fear,joy
954,sadness,sadness
955,fear,joy
956,fear,joy
957,joy,joy
958,joy,sadness
959,joy,joy
960,sadness,joy
961,anger,sadness
962,joy,sadness
963,joy,joy
964,joy,joy
965,joy,joy
966,joy,sadness
967,joy,sadness
968,anger,joy
969,joy,joy
970,joy,joy
971,anger,sadness
972,joy,joy
973,joy,joy
974,joy,sadness
975,sadness,joy
976,sadness,joy
977,joy,sadness
978,fear,sadness
979,joy,joy
980,love,sadness
981,sadness,sadness
982,joy,sadness
983,sadness,sadness
984,joy,joy
985,sadness,joy
986,joy,sadness
987,sadness,joy
988,joy,joy
989,joy,joy
990,sadness,joy
991,joy,sadness
992,joy,sadness
993,joy,joy
994,joy,joy
995,sadness,sadness
996,fear,sadness
997,sadness,sadness
998,sadness,sadness
999,joy,joy
1000,sadness,sadness
1001,joy,joy
1002,joy,sadness
1003,love,joy
1004,joy,sadness
1005,sadness,sadness
1006,love,sadness
1007,surprise,joy
1008,joy,joy
1009,sadness,joy
1010,sadness,joy
1011,joy,joy
1012,joy,joy
1013,joy,sadness
1014,joy,joy
1015,sadness,joy
1016,love,sadness
1017,surprise,sadness
1018,sadness,joy
1019,joy,sadness
1020,anger,sadness
1021,sadness,sadness
1022,anger,sadness
1023,sadness,joy
1024,anger,sadness
1025,anger,sadness
1026,fear,joy
1027,love,joy
1028,joy,sadness
1029,joy,sadness
1030,sadness,sadness
1031,joy,sadness
1032,anger,joy
1033,sadness,sadness
1034,joy,joy
1035,joy,joy
1036,fear,sadness
1037,sadness,joy
1038,anger,sadness
1039,fear,sadness
1040,sadness,sadness
1041,joy,sadness
1042,sadness,sadness
1043,anger,joy
1044,sadness,sadness
1045,fear,sadness
1046,sadness,sadness
1047,joy,sadness
1048,anger,sadness
1049,sadness,sadness
1050,sadness,sadness
1051,joy,joy
1052,joy,joy
1053,sadness,joy
1054,joy,joy
1055,sadness,sadness
1056,sadness,joy
1057,joy,sadness
1058,joy,joy
1059,fear,sadness
1060,sadness,joy
1061,sadness,sadness
1062,anger,sadness
1063,joy,joy
1064,anger,joy
1065,sadness,joy
1066,anger,joy
1067,anger,sadness
1068,sadness,sadness
1069,joy,joy
1070,sadness,joy
1071,joy,sadness
1072,sadness,sadness
1073,sadness,joy
1074,joy,joy
1075,anger,joy
1076,joy,sadness
1077,sadness,joy
1078,fear,sadness
1079,joy,sadness
1080,sadness,sadness
1081,joy,joy
1082,joy,sadness
1083,sadness,sadness
1084,joy,joy
1085,sadness,sadness
1086,sadness,joy
1087,love,joy
1088,fear,sadness
1089,joy,joy
1090,joy,joy
1091,fear,sadness
1092,anger,joy
1093,sadness,sadness
1094,anger,joy
1095,joy,sadness
1096,sadness,joy
1097,sadness,joy
1098,surprise,joy
1099,fear,sadness
1100,fear,joy
1101,fear,sadness
1102,anger,sadness
1103,joy,joy
1104,joy,joy
1105,anger,joy
1106,fear,sadness
1107,sadness,joy
1108,love,joy
1109,joy,joy
1110,surprise,sadness
1111,anger,joy
1112,anger,joy
1113,joy,joy
1114,sadness,sadness
1115,joy,joy
1116,sadness,joy
1117,joy,sadness
1118,anger,sadness
1119,sadness,joy
1120,love,joy
1121,joy,joy
1122,joy,sadness
1123,sadness,sadness
1124,anger,joy
1125,anger,sadness
1126,anger,sadness
1127,sadness,sadness
1128,joy,sadness
1129,joy,joy
1130,joy,sadness
1131,love,joy
1132,joy,joy
1133,sadness,sadness
1134,joy,joy
1135,fear,sadness
1136,anger,sadness
1137,sadness,joy
1138,love,joy
1139,joy,joy
1140,surprise,joy
1141,joy,joy
1142,joy,joy
1143,sadness,joy
1144,anger,sadness
1145,anger,joy
1146,anger,sadness
1147,joy,joy
1148,sadness,sadness
1149,joy,sadness
1150,joy,joy
1151,joy,sadness
1152,fear,joy
1153,love,joy
1154,love,sadness
1155,joy,sadness
1156,love,joy
1157,love,sadness
1158,joy,joy
1159,love,joy
1160,sadness,joy
1161,sadness,joy
1162,surprise,sadness
1163,anger,joy
1164,sadness,sadness
1165,anger,joy
1166,joy,sadness
1167,sadness,sadness
1168,sadness,sadness
1169,sadness,sadness
1170,joy,joy
1171,anger,joy
1172,fear,sadness
1173,love,sadness
1174,anger,sadness
1175,anger,joy
1176,anger,sadness
1177,anger,joy
1178,joy,sadness
1179,joy,sadness
1180,sadness,sadness
1181,joy,joy
1182,fear,sadness
1183,anger,joy
1184,fear,joy
1185,anger,sadness
1186,joy,joy
1187,joy,sadness
1188,fear,joy
1189,anger,sadness
1190,love,sadness
1191,joy,joy
1192,sadness,joy
1193,joy,joy
1194,love,joy
1195,sadness,joy
1196,sadness,joy
1197,sadness,sadness
1198,joy,joy
1199,sadness,joy
1200,joy,joy
1201,joy,joy
1202,sadness,sadness
1203,fear,sadness
1204,anger,joy
1205,joy,sadness
1206,sadness,sadness
1207,joy,joy
1208,fear,joy
1209,joy,joy
1210,sadness,joy
1211,joy,joy
1212,surprise,sadness
1213,fear,joy
1214,anger,joy
1215,love,sadness
1216,sadness,sadness
1217,sadness,joy
1218,joy,joy
1219,fear,sadness
1220,sadness,sadness
1221,sadness,joy
1222,fear,joy
1223,joy,joy
1224,sadness,joy
1225,joy,joy
1226,fear,sadness
1227,sadness,sadness
1228,joy,joy
1229,joy,joy
1230,sadness,joy
1231,joy,joy
1232,sadness,joy
1233,anger,joy
1234,joy,joy
1235,sadness,joy
1236,joy,sadness
1237,fear,sadness
1238,anger,sadness
1239,joy,joy
1240,joy,joy
1241,sadness,sadness
1242,sadness,sadness
1243,joy,joy
1244,sadness,sadness
1245,sadness,sadness
1246,joy,joy
1247,anger,joy
1248,sadness,sadness
1249,joy,sadness
1250,sadness,sadness
1251,joy,joy
1252,sadness,joy
1253,joy,joy
1254,sadness,sadness
1255,love,joy
1256,surprise,joy
1257,joy,joy
1258,love,joy
1259,joy,joy
1260,joy,sadness
1261,anger,joy
1262,sadness,sadness
1263,joy,sadness
1264,anger,sadness
1265,anger,joy
1266,anger,sadness
1267,joy,sadness
1268,joy,sadness
1269,sadness,sadness
1270,joy,joy
1271,love,sadness
1272,sadness,sadness
1273,joy,sadness
1274,fear,joy
1275,anger,sadness
1276,fear,sadness
1277,joy,joy
1278,joy,sadness
1279,anger,sadness
1280,joy,joy
1281,sadness,joy
1282,fear,joy
1283,love,joy
1284,fear,joy
1285,sadness,sadness
1286,love,joy
1287,joy,joy
1288,love,joy
1289,sadness,sadness
1290,joy,sadness
1291,love,joy
1292,joy,sadness
1293,fear,joy
1294,anger,sadness
1295,sadness,sadness
1296,fear,sadness
1297,anger,sadness
1298,sadness,sadness
1299,sadness,sadness
1300,sadness,sadness
1301,sadness,joy
1302,sadness,joy
1303,love,joy
1304,surprise,sadness
1305,sadness,joy
1306,love,sadness
1307,sadness,joy
1308,anger,joy
1309,sadness,sadness
1310,joy,sadness
1311,joy,joy
1312,joy,joy
1313,sadness,joy
1314,joy,joy
1315,anger,joy
1316,joy,sadness
1317,joy,joy
1318,love,joy
1319,joy,joy
1320,sadness,joy
1321,sadness,sadness
1322,sadness,joy
1323,joy,joy
1324,fear,joy
1325,joy,joy
1326,fear,joy
1327,surprise,joy
1328,joy,joy
1329,love,sadness
1330,joy,joy
1331,sadness,joy
1332,joy,sadness
1333,joy,joy
1334,sadness,sadness
1335,fear,sadness
1336,joy,joy
1337,love,joy
1338,sadness,joy
1339,joy,joy
1340,anger,sadness
1341,sadness,sadness
1342,joy,joy
1343,sadness,joy
1344,joy,joy
1345,joy,sadness
1346,joy,joy
1347,anger,joy
1348,anger,joy
1349,fear,joy
1350,sadness,sadness
1351,love,joy
1352,joy,joy
1353,sadness,joy
1354,sadness,joy
1355,surprise,joy
1356,joy,joy
1357,anger,sadness
1358,joy,sadness
1359,sadness,joy
1360,love,joy
1361,love,sadness
1362,joy,joy
1363,sadness,sadness
1364,joy,joy
1365,joy,sadness
1366,sadness,sadness
1367,sadness,joy
1368,joy,sadness
1369,sadness,joy
1370,sadness,sadness
1371,joy,sadness
1372,sadness,sadness
1373,sadness,joy
1374,fear,sadness
1375,anger,sadness
1376,sadness,sadness
1377,fear,sadness
1378,joy,joy
1379,anger,sadness
1380,sadness,sadness
1381,surprise,joy
1382,sadness,sadness
1383,love,joy
1384,joy,joy
1385,sadness,sadness
1386,fear,sadness
1387,sadness,sadness
1388,joy,joy
1389,joy,sadness
1390,fear,joy
1391,love,joy
1392,love,joy
1393,anger,joy
1394,fear,sadness
1395,sadness,sadness
1396,sadness,joy
1397,joy,sadness
1398,sadness,joy
1399,sadness,sadness
1400,sadness,joy
1401,joy,joy
1402,surprise,sadness
1403,fear,joy
1404,love,sadness
1405,love,joy
1406,joy,joy
1407,joy,joy
1408,joy,joy
1409,anger,sadness
1410,joy,sadness
1411,sadness,joy
1412,surprise,joy
1413,sadness,sadness
1414,surprise,joy
1415,anger,joy
1416,joy,sadness
1417,love,joy
1418,joy,sadness
1419,anger,joy
1420,joy,sadness
1421,sadness,joy
1422,anger,sadness
1423,sadness,joy
1424,surprise,sadness
1425,fear,sadness
1426,anger,joy
1427,joy,joy
1428,anger,sadness
1429,joy,joy
1430,sadness,joy
1431,sadness,sadness
1432,sadness,joy
1433,sadness,sadness
1434,love,sadness
1435,joy,joy
1436,joy,sadness
1437,anger,sadness
1438,love,joy
1439,joy,sadness
1440,love,joy
1441,joy,sadness
1442,sadness,sadness
1443,fear,joy
1444,love,joy
1445,fear,sadness
1446,joy,joy
1447,joy,sadness
1448,love,joy
1449,joy,sadness
1450,sadness,sadness
1451,sadness,joy
1452,love,sadness
1453,love,joy
1454,fear,sadness
1455,sadness,sadness
1456,joy,joy
1457,joy,sadness
1458,anger,sadness
1459,sadness,joy
1460,sadness,sadness
1461,joy,sadness
1462,joy,sadness
1463,sadness,sadness
1464,love,sadness
1465,joy,joy
1466,love,joy
1467,sadness,sadness
1468,joy,sadness
1469,joy,sadness
1470,sadness,sadness
1471,sadness,sadness
1472,love,sadness
1473,joy,joy
1474,anger,joy
1475,fear,joy
1476,sadness,joy
1477,love,joy
1478,sadness,joy
1479,sadness,sadness
1480,sadness,sadness
1481,joy,joy
1482,joy,sadness
1483,love,sadness
1484,joy,joy
1485,sadness,joy
1486,joy,sadness
1487,surprise,joy
1488,surprise,joy
1489,sadness,sadness
1490,joy,joy
1491,fear,sadness
1492,fear,joy
1493,joy,sadness
1494,joy,sadness
1495,sadness,sadness
1496,sadness,joy
1497,sadness,sadness
1498,love,joy
1499,joy,joy
1500,sadness,sadness
1501,sadness,sadness
1502,love,joy
1503,sadness,sadness
1504,joy,joy
1505,joy,joy
1506,joy,sadness
1507,anger,sadness
1508,sadness,joy
1509,joy,joy
1510,fear,sadness
1511,anger,joy
1512,anger,sadness
1513,sadness,joy
1514,joy,joy
1515,sadness,sadness
1516,fear,sadness
1517,love,joy
1518,joy,sadness
1519,sadness,joy
1520,joy,sadness
1521,sadness,sadness
1522,joy,joy
1523,sadness,joy
1524,joy,joy
1525,anger,sadness
1526,sadness,sadness
1527,sadness,sadness
1528,sadness,sadness
1529,joy,joy
1530,love,joy
1531,anger,joy
1532,fear,joy
1533,sadness,sadness
1534,anger,joy
1535,fear,joy
1536,surprise,sadness
1537,love,joy
1538,joy,joy
1539,joy,sadness
1540,joy,joy
1541,anger,joy
1542,fear,joy
1543,anger,sadness
1544,fear,sadness
1545,sadness,joy
1546,anger,sadness
1547,fear,joy
1548,fear,joy
1549,love,sadness
1550,fear,sadness
1551,joy,joy
1552,anger,joy
1553,sadness,sadness
1554,fear,joy
1555,sadness,joy
1556,surprise,sadness
1557,sadness,sadness
1558,anger,sadness
1559,sadness,sadness
1560,anger,joy
1561,surprise,sadness
1562,sadness,sadness
1563,sadness,joy
1564,joy,joy
1565,sadness,joy
1566,sadness,joy
1567,joy,sadness
1568,fear,sadness
1569,sadness,joy
1570,joy,joy
1571,love,sadness
1572,sadness,joy
1573,joy,sadness
1574,anger,joy
1575,joy,joy
1576,fear,sadness
1577,sadness,sadness
1578,joy,sadness
1579,anger,joy
1580,sadness,sadness
1581,fear,joy
1582,joy,joy
1583,fear,sadness
1584,sadness,sadness
1585,sadness,joy
1586,surprise,joy
1587,sadness,joy
1588,sadness,sadness
1589,joy,joy
1590,anger,sadness
1591,sadness,joy
1592,sadness,sadness
1593,anger,joy
1594,sadness,sadness
1595,sadness,joy
1596,joy,joy
1597,joy,sadness
1598,sadness,joy
1599,joy,joy
1600,joy,joy
1601,joy,sadness
1602,joy,joy
1603,joy,joy
1604,joy,sadness
1605,anger,joy
1606,fear,joy
1607,fear,sadness
1608,sadness,joy
1609,sadness,joy
1610,anger,joy
1611,anger,joy
1612,love,sadness
1613,joy,sadness
1614,sadness,joy
1615,sadness,sadness
1616,sadness,joy
1617,fear,joy
1618,sadness,joy
1619,fear,joy
1620,sadness,joy
1621,love,joy
1622,joy,sadness
1623,joy,sadness
1624,fear,joy
1625,sadness,sadness
1626,joy,sadness
1627,surprise,joy
1628,sadness,sadness
1629,anger,sadness
1630,fear,sadness
1631,joy,joy
1632,sadness,joy
1633,sadness,sadness
1634,sadness,sadness
1635,joy,joy
1636,surprise,sadness
1637,joy,sadness
1638,anger,joy
1639,love,joy
1640,sadness,sadness
1641,anger,sadness
1642,anger,sadness
1643,love,joy
1644,anger,sadness
1645,sadness,joy
1646,joy,sadness
1647,anger,sadness
1648,joy,sadness
1649,joy,sadness
1650,joy,sadness
1651,joy,joy
1652,sadness,sadness
1653,fear,joy
1654,joy,joy
1655,sadness,joy
1656,anger,sadness
1657,sadness,joy
1658,sadness,sadness
1659,surprise,sadness
1660,sadness,joy
1661,sadness,joy
1662,anger,joy
1663,joy,joy
1664,love,joy
1665,joy,joy
1666,joy,joy
1667,sadness,joy
1668,sadness,sadness
1669,joy,sadness
1670,sadness,joy
1671,surprise,joy
1672,joy,joy
1673,joy,joy
1674,sadness,sadness
1675,sadness,joy
1676,sadness,joy
1677,anger,joy
1678,surprise,joy
1679,joy,joy
1680,love,joy
1681,sadness,joy
1682,fear,joy
1683,joy,sadness
1684,joy,joy
1685,fear,joy
1686,surprise,joy
1687,love,joy
1688,love,joy
1689,fear,joy
1690,joy,sadness
1691,joy,sadness
1692,sadness,joy
1693,joy,sadness
1694,fear,sadness
1695,fear,joy
1696,joy,joy
1697,surprise,joy
1698,joy,joy
1699,sadness,sadness
1700,joy,sadness
1701,sadness,sadness
1702,joy,joy
1703,sadness,joy
1704,joy,joy
1705,sadness,joy
1706,joy,joy
1707,love,sadness
1708,joy,joy
1709,anger,sadness
1710,fear,sadness
1711,joy,sadness
1712,joy,joy
1713,anger,joy
1714,love,joy
1715,sadness,sadness
1716,love,joy
1717,joy,joy
1718,joy,sadness
1719,fear,joy
1720,joy,joy
1721,sadness,joy
1722,sadness,sadness
1723,joy,joy
1724,sadness,sadness
1725,anger,sadness
1726,love,sadness
1727,joy,sadness
1728,sadness,joy
1729,sadness,joy
1730,joy,joy
1731,joy,joy
1732,joy,joy
1733,joy,joy
1734,sadness,sadness
1735,surprise,joy
1736,love,sadness
1737,sadness,sadness
1738,joy,sadness
1739,joy,joy
1740,sadness,sadness
1741,sadness,sadness
1742,joy,joy
1743,joy,joy
1744,fear,joy
1745,sadness,sadness
1746,anger,sadness
1747,joy,sadness
1748,sadness,joy
1749,fear,joy
1750,surprise,joy
1751,sadness,sadness
1752,fear,joy
1753,surprise,joy
1754,fear,sadness
1755,sadness,joy
1756,fear,joy
1757,sadness,joy
1758,love,joy
1759,joy,sadness
1760,fear,joy
1761,anger,sadness
1762,fear,joy
1763,sadness,sadness
1764,sadness,joy
1765,sadness,sadness
1766,joy,joy
1767,love,joy
1768,anger,sadness
1769,sadness,joy
1770,anger,joy
1771,sadness,sadness
1772,joy,joy
1773,sadness,sadness
1774,sadness,joy
1775,love,joy
1776,joy,joy
1777,sadness,sadness
1778,love,sadness
1779,sadness,sadness
1780,sadness,sadness
1781,sadness,joy
1782,joy,joy
1783,joy,joy
1784,fear,joy
1785,sadness,sadness
1786,joy,joy
1787,sadness,sadness
1788,joy,sadness
1789,love,sadness
1790,fear,sadness
1791,love,sadness
1792,sadness,sadness
1793,joy,joy
1794,sadness,sadness
1795,joy,joy
1796,love,joy
1797,joy,joy
1798,anger,sadness
1799,anger,joy
1800,fear,joy
1801,joy,joy
1802,joy,sadness
1803,sadness,sadness
1804,fear,sadness
1805,surprise,joy
1806,surprise,sadness
1807,joy,sadness
1808,sadness,joy
1809,joy,joy
1810,anger,sadness
1811,sadness,joy
1812,surprise,joy
1813,joy,joy
1814,joy,joy
1815,sadness,joy
1816,fear,sadness
1817,joy,joy
1818,love,joy
1819,love,joy
1820,love,joy
1821,surprise,joy
1822,fear,joy
1823,anger,joy
1824,anger,sadness
1825,sadness,sadness
1826,anger,joy
1827,anger,sadness
1828,fear,sadness
1829,sadness,sadness
1830,anger,joy
1831,anger,joy
1832,sadness,sadness
1833,anger,sadness
1834,sadness,sadness
1835,love,sadness
1836,sadness,joy
1837,fear,joy
1838,fear,sadness
1839,joy,joy
1840,love,sadness
1841,joy,sadness
1842,joy,joy
1843,love,joy
1844,sadness,sadness
1845,joy,sadness
1846,fear,joy
1847,surprise,joy
1848,sadness,joy
1849,sadness,joy
1850,love,sadness
1851,anger,joy
1852,sadness,sadness
1853,surprise,joy
1854,fear,joy
1855,joy,sadness
1856,joy,joy
1857,fear,sadness
1858,anger,joy
1859,anger,joy
1860,surprise,sadness
1861,sadness,joy
1862,sadness,sadness
1863,fear,joy
1864,fear,sadness
1865,joy,joy
1866,joy,sadness
1867,anger,sadness
1868,surprise,joy
1869,joy,sadness
1870,love,joy
1871,anger,sadness
1872,anger,joy
1873,joy,sadness
1874,joy,joy
1875,joy,joy
1876,joy,joy
1877,sadness,sadness
1878,sadness,sadness
1879,sadness,sadness
1880,fear,joy
1881,sadness,sadness
1882,fear,joy
1883,joy,joy
1884,anger,joy
1885,love,joy
1886,sadness,sadness
1887,joy,joy
1888,anger,joy
1889,joy,joy
1890,sadness,joy
1891,sadness,sadness
1892,joy,joy
1893,surprise,sadness
1894,fear,joy
1895,surprise,joy
1896,love,sadness
1897,sadness,joy
1898,sadness,joy
1899,sadness,joy
1900,sadness,sadness
1901,joy,joy
1902,sadness,sadness
1903,sadness,sadness
1904,fear,joy
1905,sadness,sadness
1906,anger,sadness
1907,sadness,joy
1908,joy,sadness
1909,joy,joy
1910,sadness,joy
1911,sadness,joy
1912,joy,sadness
1913,anger,sadness
1914,sadness,sadness
1915,joy,sadness
1916,fear,joy
1917,sadness,joy
1918,surprise,joy
1919,joy,joy
1920,joy,sadness
1921,sadness,sadness
1922,sadness,joy
1923,fear,sadness
1924,sadness,joy
1925,joy,sadness
1926,fear,joy
1927,joy,joy
1928,sadness,joy
1929,fear,joy
1930,sadness,joy
1931,anger,sadness
1932,sadness,joy
1933,fear,sadness
1934,fear,sadness
1935,joy,joy
1936,love,joy
1937,surprise,sadness
1938,joy,sadness
1939,fear,joy
1940,anger,sadness
1941,sadness,joy
1942,love,joy
1943,sadness,joy
1944,joy,joy
1945,joy,sadness
1946,sadness,sadness
1947,surprise,joy
1948,anger,sadness
1949,joy,sadness
1950,love,joy
1951,fear,joy
1952,fear,joy
1953,fear,joy
1954,sadness,joy
1955,sadness,joy
1956,sadness,joy
1957,sadness,sadness
1958,fear,sadness
1959,joy,sadness
1960,joy,joy
1961,anger,joy
1962,joy,joy
1963,sadness,sadness
1964,fear,joy
1965,joy,joy
1966,joy,joy
1967,sadness,sadness
1968,sadness,joy
1969,love,joy
1970,anger,joy
1971,sadness,joy
1972,joy,joy
1973,joy,sadness
1974,anger,sadness
1975,love,sadness
1976,sadness,sadness
1977,joy,joy
1978,sadness,sadness
1979,sadness,joy
1980,joy,joy
1981,sadness,sadness
1982,sadness,sadness
1983,anger,sadness
1984,joy,sadness
1985,sadness,joy
1986,sadness,sadness
1987,sadness,joy
1988,joy,joy
1989,joy,sadness
1990,joy,joy
1991,joy,sadness
1992,fear,sadness
1993,joy,joy
1994,love,sadness
1995,anger,sadness
1996,sadness,sadness
1997,anger,sadness
1998,sadness,sadness
1999,fear,joy
2000,fear,sadness
2001,anger,sadness
2002,joy,sadness
2003,joy,sadness
2004,fear,sadness
2005,anger,sadness
2006,joy,joy
2007,sadness,joy
2008,joy,joy
2009,sadness,sadness
2010,sadness,sadness
2011,joy,joy
2012,joy,joy
2013,joy,joy
2014,joy,joy
2015,fear,sadness
2016,joy,sadness
2017,fear,joy
2018,surprise,sadness
2019,sadness,sadness
2020,fear,joy
2021,sadness,sadness
2022,anger,sadness
2023,anger,sadness
2024,joy,sadness
2025,joy,joy
2026,sadness,joy
2027,fear,joy
2028,sadness,sadness
2029,joy,joy
2030,sadness,sadness
2031,anger,joy
2032,sadness,sadness
2033,sadness,joy
2034,fear,sadness
2035,anger,sadness
2036,joy,joy
2037,joy,sadness
2038,joy,joy
2039,sadness,joy
2040,joy,joy
2041,love,joy
2042,sadness,joy
2043,sadness,joy
2044,joy,sadness
2045,joy,sadness
2046,joy,joy
2047,joy,joy
2048,joy,sadness
2049,joy,joy
2050,fear,sadness
2051,anger,joy
2052,sadness,joy
2053,joy,sadness
2054,anger,sadness
2055,sadness,sadness
2056,joy,joy
2057,sadness,sadness
2058,love,joy
2059,anger,joy
2060,joy,joy
2061,love,joy
2062,anger,joy
2063,joy,sadness
2064,sadness,joy
2065,love,joy
2066,joy,sadness
2067,anger,sadness
2068,joy,sadness
2069,anger,joy
2070,joy,sadness
2071,joy,sadness
2072,joy,joy
2073,joy,sadness
2074,sadness,joy
2075,joy,joy
2076,joy,joy
2077,sadness,sadness
2078,joy,joy
2079,anger,sadness
2080,anger,sadness
2081,joy,joy
2082,fear,joy
2083,anger,joy
2084,joy,sadness
2085,fear,joy
2086,sadness,joy
2087,fear,joy
2088,anger,sadness
2089,fear,joy
2090,sadness,joy
2091,sadness,sadness
2092,joy,joy
2093,joy,joy
2094,sadness,sadness
2095,anger,joy
2096,joy,sadness
2097,sadness,joy
2098,sadness,joy
2099,joy,sadness
2100,surprise,joy
2101,joy,sadness
2102,fear,joy
2103,joy,sadness
2104,sadness,sadness
2105,joy,joy
2106,anger,joy
2107,love,joy
2108,sadness,sadness
2109,sadness,sadness
2110,joy,joy
2111,sadness,sadness
2112,sadness,sadness
2113,sadness,joy
2114,joy,sadness
2115,love,joy
2116,joy,sadness
2117,sadness,joy
2118,joy,joy
2119,sadness,joy
2120,sadness,sadness
2121,sadness,sadness
2122,joy,sadness
2123,joy,sadness
2124,joy,sadness
2125,sadness,sadness
2126,joy,joy
2127,love,joy
2128,sadness,sadness
2129,anger,joy
2130,surprise,joy
2131,love,joy
2132,joy,joy
2133,sadness,joy
2134,fear,sadness
2135,sadness,joy
2136,joy,sadness
2137,sadness,sadness
2138,anger,sadness
2139,anger,joy
2140,surprise,joy
2141,sadness,sadness
2142,sadness,sadness
2143,anger,joy
2144,joy,sadness
2145,sadness,joy
2146,fear,joy
2147,sadness,joy
2148,joy,joy
2149,joy,sadness
2150,surprise,sadness
2151,joy,joy
2152,joy,joy
2153,sadness,joy
2154,joy,joy
2155,sadness,joy
2156,sadness,joy
2157,sadness,sadness
2158,anger,joy
2159,sadness,sadness
2160,sadness,joy
2161,surprise,sadness
2162,joy,joy
2163,sadness,sadness
2164,joy,joy
2165,sadness,sadness
2166,anger,joy
2167,sadness,joy
2168,love,joy
2169,sadness,joy
2170,joy,sadness
2171,fear,joy
2172,sadness,sadness
2173,sadness,sadness
2174,fear,sadness
2175,sadness,sadness
2176,love,joy
2177,sadness,joy
2178,joy,joy
2179,anger,joy
2180,joy,joy
2181,joy,joy
2182,sadness,sadness
2183,love,joy
2184,sadness,sadness
2185,fear,joy
2186,joy,sadness
2187,joy,sadness
2188,fear,sadness
2189,joy,joy
2190,joy,sadness
2191,fear,sadness
2192,joy,sadness
2193,joy,joy
2194,fear,sadness
2195,sadness,joy
2196,anger,joy
2197,fear,joy
2198,sadness,sadness
2199,fear,joy
2200,sadness,joy
2201,fear,sadness
2202,sadness,joy
2203,anger,sadness
2204,anger,sadness
2205,anger,sadness
2206,sadness,joy
2207,surprise,sadness
2208,love,joy
2209,joy,sadness
2210,sadness,sadness
2211,sadness,joy
2212,fear,sadness
2213,anger,joy
2214,fear,joy
2215,fear,joy
2216,love,joy
2217,sadness,sadness
2218,fear,sadness
2219,sadness,joy
2220,sadness,sadness
2221,sadness,sadness
2222,joy,joy
2223,sadness,joy
2224,sadness,joy
2225,fear,sadness
2226,love,sadness
2227,sadness,sadness
2228,sadness,sadness
2229,sadness,joy
2230,sadness,sadness
2231,sadness,joy
2232,joy,sadness
2233,joy,sadness
2234,love,joy
2235,joy,sadness
2236,anger,sadness
2237,fear,joy
2238,joy,joy
2239,sadness,sadness
2240,joy,sadness
2241,joy,sadness
2242,joy,joy
2243,love,sadness
2244,anger,sadness
2245,joy,joy
2246,joy,joy
2247,joy,sadness
2248,sadness,sadness
2249,love,sadness
2250,sadness,joy
2251,fear,sadness
2252,sadness,joy
2253,surprise,joy
2254,sadness,joy
2255,joy,joy
2256,sadness,joy
2257,sadness,joy
2258,sadness,sadness
2259,sadness,joy
2260,joy,joy
2261,sadness,joy
2262,fear,sadness
2263,anger,sadness
2264,joy,joy
2265,surprise,joy
2266,sadness,joy
2267,joy,sadness
2268,sadness,joy
2269,joy,sadness
2270,anger,joy
2271,sadness,sadness
2272,sadness,sadness
2273,anger,sadness
2274,sadness,joy
2275,sadness,joy
2276,sadness,joy
2277,fear,joy
2278,sadness,sadness
2279,fear,sadness
2280,sadness,sadness
2281,joy,joy
2282,joy,joy
2283,fear,sadness
2284,sadness,joy
2285,sadness,joy
2286,sadness,sadness
2287,joy,joy
2288,sadness,sadness
2289,sadness,joy
2290,joy,joy
2291,love,joy
2292,sadness,sadness
2293,surprise,joy
2294,sadness,joy
2295,sadness,joy
2296,fear,sadness
2297,joy,sadness
2298,joy,joy
2299,joy,joy
2300,love,sadness
2301,surprise,joy
2302,sadness,joy
2303,sadness,joy
2304,sadness,sadness
2305,joy,joy
2306,joy,joy
2307,sadness,sadness
2308,joy,sadness
2309,anger,joy
2310,sadness,sadness
2311,joy,joy
2312,sadness,joy
2313,joy,sadness
2314,fear,joy
2315,joy,joy
2316,sadness,sadness
2317,fear,joy
2318,love,joy
2319,sadness,joy
2320,joy,sadness
2321,joy,joy
2322,sadness,joy
2323,joy,sadness
2324,fear,sadness
2325,sadness,joy
2326,fear,sadness
2327,sadness,joy
2328,anger,joy
2329,joy,sadness
2330,joy,joy
2331,fear,sadness
2332,love,sadness
2333,anger,joy
2334,sadness,sadness
2335,fear,joy
2336,anger,sadness
2337,sadness,sadness
2338,sadness,sadness
2339,joy,sadness
2340,love,sadness
2341,joy,joy
2342,joy,sadness
2343,joy,sadness
2344,sadness,sadness
2345,joy,joy
2346,sadness,sadness
2347,joy,joy
2348,joy,sadness
2349,joy,joy
2350,joy,joy
2351,sadness,joy
2352,sadness,sadness
2353,joy,joy
2354,joy,joy
2355,love,joy
2356,sadness,joy
2357,anger,joy
2358,anger,sadness
2359,love,joy
2360,joy,sadness
2361,joy,joy
2362,love,joy
2363,joy,sadness
2364,joy,joy
2365,fear,sadness
2366,anger,joy
2367,fear,sadness
2368,sadness,sadness
2369,joy,joy
2370,anger,joy
2371,sadness,joy
2372,sadness,joy
2373,love,sadness
2374,fear,sadness
2375,sadness,sadness
2376,sadness,sadness
2377,joy,sadness
2378,sadness,joy
2379,surprise,sadness
2380,sadness,sadness
2381,sadness,sadness
2382,sadness,joy
2383,sadness,sadness
2384,joy,joy
2385,sadness,joy
2386,love,joy
2387,surprise,joy
2388,sadness,joy
2389,joy,sadness
2390,surprise,sadness
2391,sadness,joy
2392,joy,joy
2393,joy,joy
2394,sadness,joy
2395,joy,joy
2396,fear,joy
2397,love,sadness
2398,love,joy
2399,love,sadness
2400,anger,joy
2401,love,joy
2402,sadness,joy
2403,sadness,joy
2404,sadness,joy
2405,sadness,joy
2406,joy,joy
2407,anger,joy
2408,sadness,joy
2409,sadness,sadness
2410,anger,sadness
2411,sadness,sadness
2412,joy,joy
2413,joy,sadness
2414,fear,joy
2415,fear,sadness
2416,love,sadness
2417,anger,joy
2418,joy,sadness
2419,anger,joy
2420,joy,joy
2421,fear,sadness
2422,anger,sadness
2423,fear,sadness
2424,joy,joy
2425,sadness,sadness
2426,joy,joy
2427,joy,sadness
2428,joy,joy
2429,surprise,joy
2430,anger,sadness
2431,anger,joy
2432,sadness,joy
2433,surprise,joy
2434,joy,joy
2435,joy,joy
2436,anger,sadness
2437,joy,sadness
2438,sadness,joy
2439,joy,joy
2440,sadness,joy
2441,fear,joy
2442,joy,joy
2443,love,joy
2444,fear,joy
2445,joy,joy
2446,surprise,sadness
2447,joy,joy
2448,sadness,joy
2449,joy,joy
2450,anger,joy
2451,sadness,sadness
2452,fear,sadness
2453,love,joy
2454,joy,sadness
2455,fear,sadness
2456,surprise,joy
2457,sadness,sadness
2458,sadness,sadness
2459,joy,sadness
2460,sadness,joy
2461,sadness,joy
2462,joy,sadness
2463,love,joy
2464,anger,sadness
2465,fear,sadness
2466,surprise,sadness
2467,joy,sadness
2468,sadness,sadness
2469,fear,sadness
2470,anger,sadness
2471,fear,sadness
2472,sadness,sadness
2473,joy,joy
2474,fear,sadness
2475,sadness,joy
2476,joy,joy
2477,fear,sadness
2478,anger,joy
2479,fear,sadness
2480,sadness,joy
2481,sadness,joy
2482,joy,joy
2483,joy,sadness
2484,joy,joy
2485,anger,sadness
2486,joy,sadness
2487,fear,sadness
2488,fear,joy
2489,anger,sadness
2490,sadness,joy
2491,sadness,sadness
2492,love,joy
2493,joy,joy
2494,sadness,sadness
2495,anger,sadness
2496,joy,joy
2497,joy,joy
2498,love,sadness
2499,joy,sadness
2500,sadness,sadness
2501,love,joy
2502,sadness,sadness
2503,sadness,joy
2504,joy,joy
2505,joy,sadness
2506,fear,joy
2507,anger,joy
2508,anger,joy
2509,surprise,joy
2510,sadness,joy
2511,joy,joy
2512,joy,joy
2513,joy,sadness
2514,sadness,sadness
2515,anger,joy
2516,joy,sadness
2517,anger,joy
2518,joy,joy
2519,anger,sadness
2520,love,joy
2521,sadness,sadness
2522,sadness,sadness
2523,anger,sadness
2524,joy,sadness
2525,sadness,joy
2526,fear,sadness
2527,fear,sadness
2528,joy,joy
2529,joy,joy
2530,joy,joy
2531,sadness,sadness
2532,joy,sadness
2533,sadness,sadness
2534,sadness,sadness
2535,joy,joy
2536,joy,joy
2537,sadness,sadness
2538,joy,joy
2539,joy,joy
2540,joy,joy
2541,fear,joy
2542,joy,joy
2543,joy,sadness
2544,sadness,sadness
2545,joy,joy
2546,anger,joy
2547,sadness,joy
2548,anger,sadness
2549,sadness,sadness
2550,sadness,sadness
2551,sadness,joy
2552,joy,sadness
2553,sadness,joy
2554,love,joy
2555,love,joy
2556,joy,sadness
2557,joy,sadness
2558,love,joy
2559,sadness,sadness
2560,fear,joy
2561,fear,sadness
2562,love,joy
2563,joy,sadness
2564,fear,joy
2565,joy,sadness
2566,anger,joy
2567,joy,sadness
2568,sadness,sadness
2569,joy,sadness
2570,joy,joy
2571,anger,joy
2572,sadness,sadness
2573,fear,joy
2574,anger,joy
2575,sadness,joy
2576,joy,joy
2577,sadness,joy
2578,surprise,joy
2579,sadness,joy
2580,sadness,sadness
2581,sadness,joy
2582,surprise,joy
2583,joy,joy
2584,fear,joy
2585,anger,joy
2586,fear,joy
2587,love,sadness
2588,joy,joy
2589,fear,joy
2590,fear,joy
2591,sadness,joy
2592,fear,sadness
2593,joy,joy
2594,anger,sadness
2595,joy,sadness
2596,sadness,joy
2597,sadness,joy
2598,sadness,joy
2599,love,joy
2600,sadness,sadness
2601,joy,sadness
2602,joy,joy
2603,sadness,sadness
2604,joy,sadness
2605,fear,joy
2606,anger,sadness
2607,sadness,joy
2608,sadness,sadness
2609,sadness,sadness
2610,anger,joy
2611,joy,sadness
2612,anger,joy
2613,sadness,sadness
2614,sadness,joy
2615,joy,joy
2616,sadness,sadness
2617,joy,sadness
2618,surprise,joy
2619,joy,sadness
2620,joy,joy
2621,anger,sadness
2622,love,sadness
2623,sadness,sadness
2624,joy,joy
2625,joy,sadness
2626,fear,sadness
2627,joy,sadness
2628,anger,joy
2629,anger,joy
2630,anger,joy
2631,fear,sadness
2632,sadness,sadness
2633,sadness,sadness
2634,joy,sadness
2635,joy,sadness
2636,sadness,joy
2637,sadness,sadness
2638,anger,sadness
2639,anger,sadness
2640,anger,joy
2641,sadness,joy
2642,love,joy
2643,joy,joy
2644,anger,joy
2645,anger,joy
2646,joy,joy
2647,sadness,sadness
2648,love,joy
2649,joy,sadness
2650,joy,sadness
2651,love,sadness
2652,joy,sadness
2653,sadness,sadness
2654,joy,sadness
2655,joy,joy
2656,fear,joy
2657,anger,joy
2658,sadness,sadness
2659,sadness,sadness
2660,joy,sadness
2661,love,joy
2662,surprise,joy
2663,joy,sadness
2664,sadness,joy
2665,sadness,sadness
2666,fear,sadness
2667,sadness,sadness
2668,sadness,joy
2669,fear,sadness
2670,joy,joy
2671,sadness,joy
2672,joy,joy
2673,joy,sadness
2674,joy,joy
2675,sadness,sadness
2676,love,sadness
2677,joy,joy
2678,sadness,sadness
2679,sadness,sadness
2680,love,joy
2681,joy,joy
2682,sadness,joy
2683,sadness,sadness
2684,joy,joy
2685,love,sadness
2686,joy,joy
2687,sadness,sadness
2688,joy,joy
2689,sadness,joy
2690,fear,joy
2691,anger,joy
2692,anger,sadness
2693,sadness,sadness
2694,sadness,joy
2695,joy,sadness
2696,joy,joy
2697,joy,joy
2698,sadness,joy
2699,anger,sadness
2700,anger,sadness
2701,joy,sadness
2702,sadness,sadness
2703,sadness,joy
2704,sadness,sadness
2705,joy,joy
2706,sadness,joy
2707,love,joy
2708,joy,joy
2709,sadness,joy
2710,sadness,sadness
2711,anger,joy
2712,joy,joy
2713,sadness,sadness
2714,joy,sadness
2715,joy,joy
2716,fear,joy
2717,joy,sadness
2718,surprise,joy
2719,love,joy
2720,love,joy
2721,anger,joy
2722,sadness,joy
2723,anger,joy
2724,joy,joy
2725,sadness,joy
2726,surprise,sadness
2727,sadness,sadness
2728,sadness,joy
2729,surprise,joy
2730,joy,joy
2731,sadness,joy
2732,sadness,sadness
2733,love,sadness
2734,fear,joy
2735,sadness,joy
2736,joy,joy
2737,love,joy
2738,anger,joy
2739,love,joy
2740,joy,joy
2741,fear,joy
2742,sadness,sadness
2743,anger,sadness
2744,joy,sadness
2745,joy,joy
2746,anger,joy
2747,sadness,joy
2748,sadness,joy
2749,anger,joy
2750,fear,sadness
2751,sadness,sadness
2752,anger,sadness
2753,fear,sadness
2754,love,joy
2755,joy,joy
2756,joy,sadness
2757,fear,sadness
2758,fear,joy
2759,sadness,joy
2760,surprise,joy
2761,joy,joy
2762,joy,joy
2763,joy,joy
2764,joy,joy
2765,joy,sadness
2766,joy,joy
2767,sadness,joy
2768,fear,joy
2769,sadness,sadness
2770,anger,sadness
2771,sadness,joy
2772,joy,joy
2773,love,joy
2774,anger,sadness
2775,joy,joy
2776,love,sadness
2777,joy,joy
2778,joy,sadness
2779,joy,joy
2780,love,joy
2781,joy,joy
2782,joy,sadness
2783,joy,sadness
2784,joy,joy
2785,joy,sadness
2786,surprise,joy
2787,sadness,sadness
2788,sadness,sadness
2789,sadness,joy
2790,sadness,sadness
2791,anger,sadness
2792,joy,sadness
2793,love,joy
2794,joy,joy
2795,joy,joy
2796,anger,sadness
2797,love,joy
2798,joy,joy
2799,joy,joy
2800,sadness,joy
2801,joy,sadness
2802,sadness,sadness
2803,anger,sadness
2804,sadness,joy
2805,fear,joy
2806,fear,joy
2807,joy,joy
2808,joy,joy
2809,anger,sadness
2810,joy,joy
2811,sadness,sadness
2812,joy,joy
2813,love,joy
2814,anger,sadness
2815,anger,sadness
2816,anger,joy
2817,joy,sadness
2818,sadness,sadness
2819,joy,joy
2820,fear,sadness
2821,fear,joy
2822,love,joy
2823,joy,joy
2824,joy,joy
2825,sadness,joy
2826,sadness,joy
2827,sadness,sadness
2828,joy,sadness
2829,sadness,sadness
2830,love,joy
2831,joy,joy
2832,anger,sadness
2833,sadness,sadness
2834,sadness,sadness
2835,joy,sadness
2836,sadness,sadness
2837,joy,sadness
2838,sadness,joy
2839,sadness,joy
2840,sadness,sadness
2841,love,joy
2842,anger,sadness
2843,fear,joy
2844,sadness,joy
2845,surprise,joy
2846,joy,joy
2847,fear,joy
2848,sadness,joy
2849,fear,sadness
2850,joy,joy
2851,joy,sadness
2852,fear,joy
2853,love,sadness
2854,anger,joy
2855,sadness,sadness
2856,joy,sadness
2857,joy,joy
2858,joy,joy
2859,sadness,joy
2860,joy,joy
2861,sadness,joy
2862,joy,joy
2863,fear,joy
2864,fear,sadness
2865,fear,joy
2866,fear,joy
2867,love,sadness
2868,fear,sadness
2869,fear,sadness
2870,sadness,sadness
2871,anger,sadness
2872,sadness,sadness
2873,joy,joy
2874,sadness,sadness
2875,sadness,joy
2876,sadness,sadness
2877,joy,joy
2878,anger,joy
2879,surprise,sadness
2880,sadness,joy
2881,joy,joy
2882,joy,sadness
2883,fear,sadness
2884,joy,joy
2885,joy,sadness
2886,fear,sadness
2887,fear,joy
2888,love,joy
2889,joy,sadness
2890,joy,joy
2891,joy,joy
2892,joy,sadness
2893,sadness,joy
2894,joy,joy
2895,surprise,joy
2896,joy,sadness
2897,surprise,sadness
2898,fear,sadness
2899,love,joy
2900,sadness,joy
2901,joy,joy
2902,joy,joy
2903,sadness,sadness
2904,joy,joy
2905,joy,sadness
2906,sadness,joy
2907,joy,joy
2908,fear,joy
2909,fear,sadness
2910,love,joy
2911,joy,sadness
2912,sadness,joy
2913,anger,sadness
2914,joy,joy
2915,joy,joy
2916,sadness,joy
2917,anger,joy
2918,anger,joy
2919,anger,joy
2920,joy,joy
2921,sadness,joy
2922,anger,joy
2923,joy,joy
2924,joy,joy
2925,surprise,joy
2926,joy,joy
2927,sadness,joy
2928,joy,sadness
2929,fear,sadness
2930,joy,joy
2931,joy,sadness
2932,sadness,joy
2933,sadness,sadness
2934,joy,sadness
2935,joy,joy
2936,joy,sadness
2937,love,joy
2938,sadness,joy
2939,joy,sadness
2940,anger,sadness
2941,sadness,sadness
2942,anger,sadness
2943,sadness,joy
2944,sadness,sadness
2945,fear,joy
2946,joy,joy
2947,anger,sadness
2948,joy,sadness
2949,joy,sadness
2950,sadness,sadness
2951,joy,sadness
2952,joy,joy
2953,sadness,joy
2954,fear,joy
2955,fear,joy
2956,sadness,joy
2957,anger,sadness
2958,joy,sadness
2959,joy,joy
2960,anger,sadness
2961,love,sadness
2962,anger,joy
2963,sadness,joy
2964,sadness,joy
2965,sadness,sadness
2966,joy,joy
2967,anger,joy
2968,joy,sadness
2969,anger,sadness
2970,sadness,sadness
2971,sadness,joy
2972,joy,joy
2973,sadness,joy
2974,sadness,joy
2975,fear,joy
2976,joy,joy
2977,joy,joy
2978,joy,joy
2979,sadness,sadness
2980,love,sadness
2981,fear,sadness
2982,anger,joy
2983,sadness,joy
2984,joy,joy
2985,sadness,sadness
2986,surprise,sadness
2987,anger,joy
2988,joy,joy
2989,sadness,sadness
2990,sadness,joy
2991,love,joy
2992,sadness,joy
2993,joy,joy
2994,sadness,sadness
2995,joy,joy
2996,sadness,sadness
2997,fear,sadness
2998,fear,joy
2999,sadness,sadness
3000,anger,sadness
3001,fear,joy
3002,joy,joy
3003,joy,sadness
3004,sadness,joy
3005,joy,joy
3006,fear,sadness
3007,love,joy
3008,love,joy
3009,sadness,sadness
3010,joy,joy
3011,sadness,sadness
3012,love,joy
3013,joy,joy
3014,sadness,joy
3015,joy,joy
3016,joy,sadness
3017,anger,sadness
3018,joy,sadness
3019,joy,sadness
3020,joy,sadness
3021,anger,sadness
3022,fear,sadness
3023,sadness,sadness
3024,joy,sadness
3025,sadness,joy
3026,sadness,joy
3027,fear,sadness
3028,joy,sadness
3029,fear,sadness
3030,joy,joy
3031,sadness,joy
3032,anger,joy
3033,anger,sadness
3034,sadness,joy
3035,sadness,joy
3036,anger,joy
3037,sadness,sadness
3038,sadness,sadness
3039,sadness,joy
3040,fear,joy
3041,sadness,sadness
3042,joy,joy
3043,joy,joy
3044,anger,joy
3045,sadness,sadness
3046,sadness,sadness
3047,joy,joy
3048,sadness,joy
3049,love,sadness
3050,joy,joy
3051,surprise,joy
3052,love,sadness
3053,love,sadness
3054,sadness,joy
3055,sadness,sadness
3056,joy,joy
3057,sadness,joy
3058,anger,sadness
3059,sadness,joy
3060,joy,sadness
3061,love,sadness
3062,sadness,sadness
3063,joy,sadness
3064,love,joy
3065,love,joy
3066,sadness,sadness
3067,joy,sadness
3068,anger,sadness
3069,joy,sadness
3070,anger,sadness
3071,joy,joy
3072,fear,joy
3073,sadness,sadness
3074,fear,sadness
3075,joy,sadness
3076,sadness,joy
3077,joy,joy
3078,love,joy
3079,joy,joy
3080,sadness,joy
3081,love,joy
3082,joy,sadness
3083,fear,sadness
3084,joy,joy
3085,anger,sadness
3086,sadness,joy
3087,sadness,joy
3088,anger,joy
3089,anger,joy
3090,joy,sadness
3091,joy,joy
3092,sadness,sadness
3093,love,joy
3094,sadness,sadness
3095,sadness,joy
3096,fear,sadness
3097,surprise,joy
3098,surprise,joy
3099,joy,joy
3100,sadness,joy
3101,sadness,joy
3102,joy,sadness
3103,sadness,sadness
3104,fear,sadness
3105,love,joy
3106,joy,sadness
3107,joy,joy
3108,joy,joy
3109,sadness,joy
3110,joy,sadness
3111,joy,joy
3112,sadness,joy
3113,joy,joy
3114,joy,sadness
3115,sadness,sadness
3116,sadness,joy
3117,love,sadness
3118,joy,joy
3119,sadness,sadness
3120,anger,joy
3121,sadness,joy
3122,sadness,sadness
3123,fear,sadness
3124,anger,sadness
3125,sadness,joy
3126,love,joy
3127,joy,sadness
3128,joy,joy
3129,anger,sadness
3130,joy,sadness
3131,sadness,sadness
3132,anger,sadness
3133,joy,joy
3134,joy,joy
3135,joy,joy
3136,sadness,sadness
3137,sadness,sadness
3138,sadness,sadness
3139,anger,sadness
3140,fear,sadness
3141,joy,sadness
3142,fear,joy
3143,joy,sadness
3144,sadness,joy
3145,fear,joy
3146,love,joy
3147,anger,joy
3148,sadness,joy
3149,sadness,sadness
3150,joy,joy
3151,anger,sadness
3152,fear,joy
3153,joy,joy
3154,joy,joy
3155,joy,sadness
3156,surprise,joy
3157,sadness,sadness
3158,surprise,sadness
3159,anger,joy
3160,sadness,sadness
3161,surprise,joy
3162,sadness,sadness
3163,joy,joy
3164,sadness,sadness
3165,joy,sadness
3166,joy,joy
3167,joy,joy
3168,anger,joy
3169,joy,joy
3170,anger,joy
3171,love,joy
3172,joy,sadness
3173,sadness,sadness
3174,joy,sadness
3175,joy,joy
3176,anger,sadness
3177,joy,sadness
3178,fear,joy
3179,joy,joy
3180,fear,sadness
3181,love,sadness
3182,sadness,joy
3183,fear,joy
3184,sadness,sadness
3185,joy,joy
3186,sadness,sadness
3187,joy,joy
3188,sadness,sadness
3189,fear,sadness
3190,sadness,joy
3191,anger,joy
3192,fear,sadness
3193,joy,sadness
3194,anger,sadness
3195,sadness,joy
3196,anger,joy
3197,love,joy
3198,sadness,sadness
3199,joy,sadness
